brand,city,inn
Клиника высоких медицинских технологий им. Н.И. Пирогова,Санкт-Петербург,7801716705
Клиника Пирогова,Санкт-Петербург,7801716705
СМ-Клиника,Санкт-Петербург,7806546430
Будь Здоров,Санкт-Петербург,7704544391
Skin Buro,Санкт-Петербург,7840080124
Автодом Porsche Центр Пулково,Санкт-Петербург,7714709349
Автодом Пулково Mercedes,Санкт-Петербург,7714709349
Мой медицинский центр,Санкт-Петербург,7840131160
Teria,Санкт-Петербург,7842218723
SANCTUM,Санкт-Петербург,7840094977
Эверест,Санкт-Петербург,7801499360
КаллистоMed,Санкт-Петербург,7838037347
