brand,city,profile,note
Философия красоты,Санкт-Петербург,https://www.instagram.com/dr.shamsdi/,Профессиональный аккаунт основательницы и главврача Дианы Шамсутдиновой
Так и ходи,Санкт-Петербург,https://t.me/freethecurls,"Канал проекта основательниц (Алёна Руденко, Александра Шевелёва). В канал писать нельзя, контакт в описании"
HairFcker,Санкт-Петербург,https://www.instagram.com/hairfucker/,"Аккаунт студии, владелица Мария Класс сама мастер студии"
Slay universe,Санкт-Петербург,https://zoon.ru/spb/p-beauty/andrej_romashov/,Владелец Андрей Ромашов работает мастером: запись к нему лично
Cosmopro,Санкт-Петербург,https://spb.cosmo-pro.ru/specialist/pasihat-magomedova/,Основательница сети и практикующий врач
Dega,Санкт-Петербург,https://dega-clinic.com/about-clinic/founders/,"Основатели: Екатерина Агапова (гендиректор) и Денис Агапов, у Екатерины свой подкаст"
Медика,Санкт-Петербург,https://spbmedika.ru/managment/nina-mikhaylovna-boterashvili/,Основательница и президент холдинга
Кэнворк,Санкт-Петербург,https://kanwork.ru/kanashkin,Страница владельца на сайте сервиса
Teria,Санкт-Петербург,https://www.instagram.com/teria_clinic/,Клиника основана врачами Темирланом Езиевым и Металлиди
Первая семейная клиника Петербурга,Санкт-Петербург,https://www.1-clinic.ru,"Чумаков — наёмный управляющий, владельцы клиники: Аркадий и Лилия Трейгер"
1703,Санкт-Петербург,http://salon1703.pro,"ИП Николенко работает стилистом, управляющая салоном: Тамара Мелизер"
Barbarossa,Санкт-Петербург,https://spb.barbarossa.top,"Федеральная франшиза: гендиректор сети в Москве, решения в точке принимает франчайзи"
Аллергомед,Санкт-Петербург,https://allergomed.ru/about/,Гендиректор Марина Елисеева также главный врач и принимает пациентов
