date,how,email,company
2026-10-05,вручную из панели,doctor@mediest.ru,
2026-10-05,вручную из панели,info@spbmedika.ru,
2026-10-05,вручную из панели,info@oneclinic.ru,
2026-10-05,вручную из панели,info@cosmo-pro.ru,
2026-10-05,автоматически,info@takihodi.ru,"Так и ходи, салон для кудрявых"
2026-10-05,автоматически,office@avaclinic.ru,"Скандинавия, медицинский центр"
2026-10-05,автоматически,info@lahtaclinic.ru,"Лахта Клиника, многопрофильный медицинский центр"
2026-10-05,автоматически,client@medswiss.ru,"MedSwiss, многопрофильный медицинский центр"
2026-10-05,автоматически,skinburo@mail.ru,"Skin Buro, клиника эстетической медицины"
2026-10-05,автоматически,art_of_you@hairfcker.com,"HairFcker, студия красоты"
2026-10-05,автоматически,info@zetauto.ru,"ZetAuto, сеть автотехцентров"
2026-10-05,автоматически,nevsky@klinika-milano.ru,"Милано Петроградская, клиника эстетической медицины"
2026-10-05,автоматически,comemodemedical@yandex.ru,"Come mode medical 2.0, клиника эстетической медицины"
2026-10-05,автоматически,phob.clinic@mail.ru,"Философия красоты, клиника эстетической медицины"
2026-10-05,автоматически,info@kallistomed.ru,"КаллистоMed, клиника эстетической медицины"
2026-10-05,автоматически,everestcosmeticru@yandex.ru,"Эверест, клиника эстетической медицины"
2026-10-05,автоматически,info@allergomed.ru,"Аллергомед, многопрофильный медицинский центр"
2026-10-05,автоматически,info@abia-spb.ru,"Абиа, многопрофильная клиника"
2026-10-05,автоматически,jur@smclinic-spb.ru,"СМ-Клиника, медицинский центр"
2026-10-05,автоматически,info@dega-clinic.com,"Dega, клиника эстетической медицины"
2026-10-05,автоматически,mop.nevskiy@vag-axsel.ru,"Аксель-Сити, официальный дилер Volkswagen"
2026-10-05,автоматически,info@docforderm.ru,"Doc.For.Derm Clinic, клиника эстетической медицины"
2026-10-05,автоматически,upravlenie.spbmafiozi@yandex.ru,"MAFIOZI, барбершоп"
