brand,city,website
Династия,Санкт-Петербург,https://meddynasty.ru
СМ-Клиника,Санкт-Петербург,https://www.smclinic-spb.ru
Медиэстетик,Санкт-Петербург,https://mediest.ru
Медика,Санкт-Петербург,https://spbmedika.ru
Первая семейная клиника Петербурга,Санкт-Петербург,https://www.1-clinic.ru
ЕвроАвто,Санкт-Петербург,https://euroauto.ru
Лахта Клиника,Санкт-Петербург,https://lahtaclinic.ru
Скандинавия,Санкт-Петербург,https://www.avaclinic.ru
Мой медицинский центр,Санкт-Петербург,https://spb.groupmmc.ru
Медси,Санкт-Петербург,https://medsi.ru
Будь Здоров,Санкт-Петербург,https://spb.klinikabudzdorov.ru
SANCTUM,Санкт-Петербург,https://sanctum-clinic.ru
Teria,Санкт-Петербург,https://teriaclinic.ru
Эверест,Санкт-Петербург,https://everestcosmetic.ru
Haval Элан-Моторс,Санкт-Петербург,https://elan-haval.ru
Автодом Пулково Mercedes,Санкт-Петербург,https://www.olimpauto.ru
Doc.For.Derm Clinic,Санкт-Петербург,https://docforderm.ru
РЖД-Медицина,Санкт-Петербург,https://spb.rzd-medicine.ru
Dega,Санкт-Петербург,https://dega-clinic.com
1703,Санкт-Петербург,http://salon1703.pro
Мекка,Санкт-Петербург,https://mecca.ru/spb
Chop Х Chop,Санкт-Петербург,https://chopchop.one/spb
Лев,Санкт-Петербург,http://levbarber.ru
Милано Петроградская,Санкт-Петербург,https://klinika-milano.ru
Аларм-Моторс Озерки,Санкт-Петербург,https://alarm-motors.ru
ForMe,Санкт-Петербург,https://formeclinic.ru
Cosmopro,Санкт-Петербург,https://spb.cosmo-pro.ru
Slay universe,Санкт-Петербург,https://slay.salon
Barbarossa,Санкт-Петербург,https://spb.barbarossa.top
Джентльмены,Санкт-Петербург,https://barbergentle.ru
НабокOf,Санкт-Петербург,https://nabokofbarbershop.ru
Философия красоты,Санкт-Петербург,https://phob.clinic
Прагматика Купчино,Санкт-Петербург,https://www.pragmaticar.ru/spb
Прагматика Парнас,Санкт-Петербург,https://www.pragmaticar.ru/spb
Аксель-Сити,Санкт-Петербург,https://vag-axsel.ru
Максиматик,Санкт-Петербург,https://maximatic.ru
Кэнворк,Санкт-Петербург,https://kanwork.ru
Come mode medical 2.0,Санкт-Петербург,https://comemode.ru
Estel x Sointera,Санкт-Петербург,http://estelsointera.ru
Рольф Октябрьская,Санкт-Петербург,https://www.rolf.ru/spb/contacts/
Рольф Лахта,Санкт-Петербург,https://www.rolf.ru/spb/contacts/rolf_lahta/
Рольф Сервис Лахта,Санкт-Петербург,https://www.rolf.ru/spb/service/salon-rolf-servis-lahta/
Рольф Сервис Пулково,Санкт-Петербург,https://www.rolf.ru/spb/service/salon-rolf-servis-pulkovo/
Автодом Porsche Центр Пулково,Санкт-Петербург,https://www.porsche-pulkovo.ru
Гнездо Дом,Санкт-Петербург,https://gnezdobydavines.ru
Дело,Санкт-Петербург,http://delo-barbers.ru
Kazna,Санкт-Петербург,http://kazna-group.ru
MAFIOZI,Санкт-Петербург,https://spb1.mafiozibarbershop.com
The Cut,Санкт-Петербург,https://thecutspb.com
Тритон Детейл,Санкт-Петербург,https://tdetail.ru
Скальптура,Санкт-Петербург,https://scalptura.ru
Акваматик,Санкт-Петербург,https://aquamatic.spb.ru
Максимум на Руставели,Санкт-Петербург,https://maximum-auto.ru
